{
  "config": {
    "model_type": "tfan7b",
    "architectures": [
      "TFANForCausalLM"
    ],
    "vocab_size": 32768,
    "hidden_size": 4096,
    "num_hidden_layers": 34,
    "num_attention_heads": 32,
    "num_kv_heads": 8,
    "ffn_mult": 3.25,
    "intermediate_size": 13312,
    "max_position_embeddings": 32768,
    "rope_theta": 10000.0,
    "rope_scaling": {
      "type": "linear",
      "factor": 1.0
    },
    "rms_norm_eps": 1e-06,
    "tie_word_embeddings": true,
    "use_bias": false,
    "activation": "swiglu",
    "attention_impl": "ssa_radial_v1",
    "ssa_keep_ratio": 0.33,
    "ssa_local": 128,
    "ssa_hops": 2,
    "tls_alpha": 0.7,
    "initializer_range": 0.02,
    "use_cache": true,
    "pad_token_id": null,
    "bos_token_id": 1,
    "eos_token_id": 2,
    "torch_dtype": "bfloat16"
  },
  "parameter_counts": {
    "embeddings": 134217728,
    "per_layer": 205529088,
    "total_layers": 6987988992,
    "final_norm": 4096,
    "total": 7122210816,
    "total_millions": 7122.210816,
    "total_billions": 7.122210816
  },
  "gate_pass": true
}