{
  "train_micro_batch_size_per_gpu": 1,
  "gradient_accumulation_steps": 16,
  "bf16": {
    "enabled": true
  },
  "zero_optimization": {
    "stage": 3,
    "offload_param": {
      "device": "none",
      "pin_memory": true
    },
    "offload_optimizer": {
      "device": "none",
      "pin_memory": true
    },
    "overlap_comm": true,
    "contiguous_gradients": true,
    "reduce_bucket_size": 500000000,
    "stage3_prefetch_bucket_size": 500000000,
    "stage3_param_persistence_threshold": 1000000,
    "stage3_max_live_parameters": 1000000000,
    "stage3_max_reuse_distance": 1000000000,
    "stage3_gather_16bit_weights_on_model_save": true
  },
  "activation_checkpointing": {
    "partition_activations": true,
    "cpu_checkpointing": false,
    "contiguous_memory_optimization": false,
    "number_checkpoints": null,
    "synchronize_checkpoint_boundary": false,
    "profile": false
  },
  "gradient_clipping": 1.0,
  "steps_per_print": 100,
  "wall_clock_breakdown": false,
  "dump_state": false
}
